{
  "XAAXG": [
    [
      {
        "Word": "DHIKR",
        "Max": 1,
        "Expected": 1.0,
        "Median": 1.0,
        "25th Perc": 1.0,
        "75th Perc": 1.0
      }
    ],
    0.014256954193115234,
    0.014256954193115234
  ],
  "XAGXG": [
    [
      {
        "Word": "MUDIR",
        "Max": 1,
        "Expected": 1.0,
        "Median": 1.0,
        "25th Perc": 1.0,
        "75th Perc": 1.0
      }
    ],
    0.009175539016723633,
    0.009175539016723633
  ],
  "XGXAG": [
    [
      {
        "Word": "SIEUR",
        "Max": 1,
        "Expected": 1.0,
        "Median": 1.0,
        "25th Perc": 1.0,
        "75th Perc": 1.0
      }
    ],
    0.0075457096099853516,
    0.0075457096099853516
  ]
}